id,date,message
97,2023-02-10 12:23:06+00:00,"Рџа№ИЈNotice!
Dear esteemed customers,
Due to four-day motorbike movement restrictions, we have limited our services to matchmaking,drug information, and medical consultation only.

N.B. 
­ЪћЁWe will make deliveries for those for whom the medications are urgent.
­ЪћЁYou can book deliveries starting from Monday, February 13, 2023"
96,2023-02-02 08:58:52+00:00,"Mela-One рЅарІЇрѕхрїА рѕєрѕГрѕъріЋ рІФрѕѕрІЇ рІхріЋрїѕрЅ░ріЏ рІѕрѕірІх рѕўрЅєрїБрїарѕГрІФ рѕ▓рѕєріЋ рІФрѕѕрѕўріерѕІріерІФ рІерЅ░рІ░рѕерїѕ рІерїЇрЅЦрѕерѕхрїІ рїЇріЋріЎріљрЅх рѕ▓ріќрѕГ рЅа72 рѕ░рІЊрЅ│рЅх рІѕрѕхрїЦ рѕўрІѕрѕ░рІх рІГріќрѕГрЅарЅ│рѕЇрЇб

­ЪЊїріеChe-Med рѕѕрѕЏрІўрІЮрЇА 
рЅарЅ┤рѕїрїЇрѕФрѕЮ рїЇрѕЕрЇЊрЅйріЋ- t.me/CheMeds
рІїрЅЦрѕ│рІГрЅх- www.chemeds.org
рІГрІўрІЎріЋрЇб"
95,2023-02-01 08:59:37+00:00,"ріарІџрЅхрѕ«рѕЏрІГрѕ▓ріЋ рЅарѕЃріфрѕЮ рѕўрІхрѕЃріњрЅх рѕЏрІўрІБ ріерѕџрЅ│рІўрІЎ ріаріЋрЅ▓рЅБрІ«рЅ▓рі«рЅй ріаріЋрІ▒ рѕ▓рѕєріЋ рЅарѕГріерЅх рІФрѕЅ рЅБріГрЅ┤рѕГрІФрІјрЅйріЋ рІГрїѕрѕІрѕЇрЇб

рЅарЅђріЋ ріаріЋрІ┤ рѕѕ3 рЅђріЊрЅх рѕЮрїЇрЅЦ ріерѕўрЅЦрѕІрЅ│рЅйріЋ 1 рѕ░рІЊрЅх рЅђрІ░рѕЮ рЅЦрѕј рІѕрІГріЋрѕЮ ріерЅарѕІріЋ ріе 2 рѕ░рІЊрЅх рЅаріІрѕІ рѕўрІѕрѕ░рІх рІГріќрѕГрЅарЅ│рѕЇрЇб

­ЪЊїрІерѕЃріфрѕЮ рѕЏрІўрІБ ріФрѕЇрІјрЅх 
рЅарЅ┤рѕїрїЇрѕФрѕЮ рїЇрѕЕрЇЊрЅйріЋ-t.me/CheMeds
рІїрЅЦрѕ│рІГрЅх- www.chemeds.org
рІГрѕІріЕрѕЇріЋрЇб"
94,2023-01-31 09:19:53+00:00,"Che-Med Trivia #3

рѕЮрїЇрЅЦріЊ рѕўрїарїдрЅй ріаріЋрІ│ріЋрІх рѕўрІхрѕЃріњрЅХрЅй рЅарІ░ріЋрЅЦ ріЦріЋрІ│рІГрѕ░рѕЕ рѕірІФрІ░рѕГрїЅ рІГрЅйрѕІрѕЅрЇб рЅарІџрѕЁ рѕЂріћрЅ│ ріЦріљрІџрѕЁріЋ рѕўрІхрѕЃріњрЅХрЅй рѕЮрїЇрЅЦ ріерІѕрѕ░рІхріЋ ріе1 рѕ░рІЊрЅх ріЦрѕхріе 2 рѕ░рІЊрЅх рЅБрѕѕ рїірІю рІЇрѕхрїЦ рѕўрІЇрѕ░рІх рІФрѕхрЇѕрѕЇрїЇрІјрЅ│рѕЇрЇб

ріеріљрІџрѕЁрѕЮ рІѕрѕхрїЦ рІеріЦріЋрЅЁрѕГрЅх рѕўрІхрѕЃріњрЅХрЅйрЇБOmeprazoleрЇБSildenafil(Viagra)рЇБCaptopril ріЦріЊ Ampicillin рІГрїарЅђрѕ│рѕЅрЇб

рѕўрІхрѕЃріњрЅхрІј ріерѕЮрїЇрЅЦ рїІрѕГ рІФрѕѕрІЇріЋ ріарІѕрѕ│рѕ░рІх ріЦрѕГрїЇрїаріЏ ріФрѕЇрѕєріЉ рѕЃріфрѕЮрІјріЋ рІѕрІГрѕЮ рЇІрѕГрѕЏрѕ▓рѕхрЅхрІјріЋ рІФрѕЏріГрѕЕрЇб"
93,2023-01-30 09:45:25+00:00,"Che-Med Trivia #2

ріЦріЋрІ░ Ciprofloxacin, Doxycycline, Levothyroxine, Iron supplement рІФрѕЅ рѕўрІхрѕЃріњрЅХрЅйріЋ ріерІѕрЅ░рЅх ріЦріЊ ріерІѕрЅ░рЅх рЅ░рІІрЇЁрІќрІјрЅй рїІрѕГ ріЦріЋрІ▓рѕЂрѕЮ ріеріЦріЋрЅЂрѕІрѕЇ рїІрѕГ рѕўрІЇрѕ░рІх рѕўрІхрѕЃріњрЅХрЅ╣ рЅарѕ░рІЇріљрЅ│рЅйріЋ рІерѕџрЇѕрѕѕрїѕрІЇріЋ рѕхрѕФ ріЦріЋрІ│рІГрѕ░рѕЕ рІФрІ░рѕГрїІрЅИрІІрѕЇрЇб

рІГрѕЁрѕЮ рЅарІѕрЅ░рЅх рЅ░рІІрїйрідрІјрЅй рІЇрѕхрїЦ рІФрѕѕрІЇ ріФрѕЇрѕ▓рІерѕЮ ріЦріљрІџрѕЁ рѕўрІхрѕЃріњрЅХрЅй рЅарѕ░рІЇрЅ│рЅйріЋ рІѕрѕхрїЦ ріЦріЋрІ│рІГрІІрѕЁрІ▒ рїБрѕЇрЅЃ рѕхрѕѕрѕџрїѕрЅБ ріљрІЇрЇб"
92,2023-01-27 07:18:40+00:00,"You can get our services at:
Our pharmacist: https://t.me/CheMedAssistant9798
Our call center: 9798
Our website: www.chemeds.org"
91,2023-01-26 18:27:53+00:00,"Che-Med Trivia #1
The U.S. pharmaceutical industry is the largest in the world, making up about 40% of the worldwide drug development, manufacturing, and revenue generation. And half of the worldРђЎs top 10 pharmaceutical companies are in America, including the headquarters for Johnson & Johnson, Pfizer, Merck and Co., AbbVie, Eli Lilly and Co., and Abbott Laboratories. In fact, Johnson & JohnsonРђЎs revenue alone reached $82.6 billion in 2020."
90,2023-01-23 10:39:20+00:00,"CVS Daytime & Nighttime Cold and Flu Relief

рѕѕрѕ░рѕъріЉ рїЅріЋрЇІріЋ рѕЏрѕхрЅ│рїѕрѕ╗ рЅаріаріЋрІ░ріЮріљрЅх рЅ░рѕўрѕФрїГ рІерѕєріљрІЇріЋ CVS Daytime & Nighttime Cold and Flu Relief Che-Med рІГрІърѕІрЅйрѕЂ рѕўрїДрѕЇрЇб

рЅарЅЂрїЦрѕГ рІЇрѕхріЋ рѕхрѕѕрѕєріЉ рЅђрІхрѕўрІЇ рІГрІўрІЎріЋрЇб

рѕѕрѕЏрІўрІЮрЇд
Our pharmacist: https://t.me/CheMedAssistant9798
Our call center: 9798
Our website: www.chemeds.org

Che-Med is the best way to find your meds!"
89,2023-01-17 19:10:57+00:00,"­ЪЪарѕѕріЊріЋрЅ░ рѕѕрІ░рѕЮрЅаріърЅ╗рЅйріЋ рІГрѕєріЊрѕЅ рІФрѕЇріЊрЅИрІЅріЋ рѕЮрѕГрїЦ рЅФрІГрЅ│рѕџріЋріЊ рѕ░рЇЋрѕЇрѕўріЋрЅХрЅй ріЦріљрѕє!!

ріарїГрѕГ рІеTiktok рЅфрІ▓рІ«ріарЅйріЋріЋ рЅарѕўрѕўрѕЇріерЅх рїЇріЋрІЏрЅцрІјріЋ рІГрїерѕЮрѕЕрЇб
­ЪЉЄ­ЪЉЄ­ЪЉЄ­ЪЉЄ­ЪЉЄ­ЪЉЄ­ЪЉЄ­ЪЉЄ­ЪЉЄ­ЪЉЄ­ЪЉЄ­ЪЉЄ­ЪЉЄ
https://vm.tiktok.com/ZMYJHUVde/

рІеTiktok рЅ╗ріЊрѕІрЅйріЋріЋ Like ріЦріЊ Follow рІФрІхрѕГрїЅрЇб"
88,2023-01-17 08:43:12+00:00,"­ЪїъSundown Cinnamon!
Supports sugar metabolism.

Che-Med Sundown Cinnamon Supplement Product рІГрІърѕІрЅйрѕЂ рѕўрїДрѕЇрЇб

рЅарЅЂрїЦрѕГ рІЇрѕхріЋ рѕхрѕѕрѕєріЉ рЅђрІхрѕўрІЇ рІГрІўрІЎріЋрЇб

рѕѕрѕЏрІўрІЮрЇд
Our pharmacist: https://t.me/CheMedAssistant9798
Our call center: 9798

Che-Med is the best way to find your meds!"
87,2023-01-16 13:41:35+00:00,"­ЪЊ╗Che-Med held fruit-bearing discussion at рѕ│рІГрЅарѕГріЏ radio program on Fana 98.1FM about digital health care and privacy and security of E-commerce.

We discussed in details current trends in digital healthcare, It's benefits, challenges, and opportunities.

You can listen to us at 08:00PM tonight and increase your understanding about the current activities of digital health care and its future.

Che-Med"
86,2023-01-16 10:13:42+00:00,"­ЪћхGet GOFEN from Che-Med!

Our pharmacist: https://t.me/CheMedAssistant9798
Our call center: 9798
Website: www.chemeds.org

Che-Med the best way to find your meds!"
85,2023-01-16 09:26:09+00:00,"Рџа№ИЈNotice!
Dear esteemed customers,
Due to four-days motorbike movement restrictions, we have limited our services to matchmaking,drug information and medical consultation only.

N.B. 
­ЪћЁWe will make deliveries for whom the medications are urgent.
­ЪћЁYou can book deliveries starting from Friday, Jan 20."
82,2023-01-13 12:48:47+00:00,"Nature's Bounty Supplement Products are here!

Che-Med Nature's Bounty Supplement Products рІГрІърѕІрЅйрѕЂ рѕўрїДрѕЇрЇб

рЅарЅЂрїЦрѕГ рІЇрѕхріЋ рѕхрѕѕрѕєріЉ рЅђрІхрѕўрІЇ рІГрІўрІЎріЋрЇб

рѕѕрѕЏрІўрІЮрЇд
Our pharmacist: https://t.me/CheMedAssistant9798
Our call center: 9798

Che-Med the best way to find your meds!"
81,2023-01-13 09:44:14+00:00,"Nature's Bounty Supplement Products are here!

Che-Med Nature's Bounty Supplement Products рІГрІърѕІрЅйрѕЂ рѕўрїДрѕЇрЇб

рЅарЅЂрїЦрѕГ рІЇрѕхріЋ рѕхрѕѕрѕєріЉ рЅђрІхрѕўрІЇ рІГрІўрІЎріЋрЇб

рѕѕрѕЏрІўрІЮрЇд
Our pharmacist: https://t.me/CheMedAssistant9798
Our call center: 9798

Che-Med the best way to find your meds!"
80,2023-01-06 16:06:21+00:00,"рѕхрѕѕ Nature Made Vitamin supplement tiktok рѕІрІГ ріЦріЋріЋрїѕрѕГрІјрЇб

рѕѕрѕЏрІерЅхрЇА https://vm.tiktok.com/ZMFw4DarV/

рЅарЅЂрїЦрѕГ рІЇрѕхріЋ рѕхрѕѕрѕєріЉ рЅђрІхрѕўрІЇ рІГрІўрІЎріЋрЇб

рѕѕрѕЏрІўрІЮрЇд
Our pharmacist: https://t.me/CheMedAssistant9798
Our call center: 9798

Follow our channel and stay tuned
https://t.me/CheMeds

Che-Med the best way to find your meds!"
79,2023-01-06 09:31:17+00:00,"­ЪјёChe-Med рѕѕрѕўрѕІрІЇ ріГрѕГрѕхрЅхрІФріЋ рЅцрЅ░рѕ░рЅдрЅ╗рЅйріЋ рѕўрѕЇріФрѕЮ рІерїѕріЊ рЅарІЊрѕЇ ріЦріЋрІ▓рѕєріЋрѕЇрІј рІГрѕўріЏрѕЇрЇб

рѕўрѕЇріФрѕЮ рЅарІЊрѕЇ!!"
77,2023-01-04 05:58:02+00:00,"Nature Made Vitamin supplements

Che-Med рЅарІ░рѕЮрЅаріърЅ╗рЅйріЋ рЇЇрѕІрїјрЅх рѕўрѕ░рѕерЅх Nature made vitamin supplement рІГрІърѕІрЅйрѕЂ рѕўрїДрѕЇрЇб

рЅарЅЂрїЦрѕГ рІЇрѕхріЋ рѕхрѕѕрѕєріЉ рЅђрІхрѕўрІЇ рІГрІўрІЎріЋрЇб

рѕѕрѕЏрІўрІЮрЇд
Our pharmacist: https://t.me/CheMedAssistant9798
Our call center: 9798

Follow our channel and stay tuned
https://t.me/CheMeds

Che-Med the best way to find your meds!"
76,2023-01-03 17:49:48+00:00,"рЅаwww.chemeds.org рѕўрІхрѕЃріњрЅхрІјріЋ рІерѕџрІФрІЎрЅарЅхріЋ рѕўріЋрїѕрІх рІерѕџрІФрѕ│рІГ tiktok рЅфрІ▓рІ«рЇб

­ЪЉЄ­ЪЉЄ­ЪЉЄ­ЪЉЄ­ЪЉЄ­ЪЉЄ­ЪЉЄ­ЪЉЄ­ЪЉЄ­ЪЉЄ­ЪЉЄ
https://vm.tiktok.com/ZMFTkBoWk/"
75,2023-01-03 05:48:34+00:00,РюерЅаChe-Med рІерїЦрѕф рѕЏрІЋріерѕЇ 9798 рѕІрІГ рІ░рІЇрѕѕрІЇ  рЅарѕўрѕўрІЮрїѕрЅЦ рЅарІерІѕрѕЕ рІерѕџрІФрѕхрЇѕрѕЇрїЇрІјрЅхріЋ рібріЋрѕ▒рѕіріЋ рЅцрЅхрІј рЅарѕГ рІхрѕерѕх рІФрѕхрѕўрїАрЇб
71,2022-12-30 15:45:35+00:00,"Che-Med at Smart city symposium, National science museum.
 
Like share and subscribe our tiktok vlog.
­ЪЉЄ­ЪЉЄ­ЪЉЄ­ЪЉЄ­ЪЉЄ­ЪЉЄ­ЪЉЄ­ЪЉЄ­ЪЉЄ­ЪЉЄ­ЪЉЄ­ЪЉЄ­ЪЉЄ
https://vm.tiktok.com/ZMFcHq5Xk/"
70,2022-12-28 17:02:08+00:00,"Buy you Power Plus supplement from Che-Med.

For more information please watch our tiktok video by pressing the link below.
­ЪЉЄ­ЪЉЄ­ЪЉЄ­ЪЉЄ­ЪЉЄ­ЪЉЄ­ЪЉЄ­ЪЉЄ­ЪЉЄ­ЪЉЄ­ЪЉЄ­ЪЉЄ­ЪЉЄ
https://vm.tiktok.com/ZMFv4PRtp/"
67,2022-12-28 06:31:50+00:00,"Order your Power plus Vitamin and mineral supplement from Che-Med.

Call center: 9798
Website: www.chemeds.org"
64,2022-12-27 17:06:32+00:00,"Che-Med

РюеChe-Med рІерѕўрІхрѕђріњрЅхріЊ рІерѕЁріГрѕЮріЊ ріЦрЅЃрІјрЅй  ріарЇІрѕІрїі ріЦріЊ ріарЅЁрѕФрЅб рІхрѕГрїЁрЅх ріљрІЇрЇАрЇА ріе100 рЅарѕІрІГ ріарїІрѕГ рЇІрѕГрѕЏрѕ▓рІјрЅй рїІрѕГ рЅарѕўрЅ░рЅБрЅарѕГ рѕўрІхрѕђріњрЅХрЅйріЋ ріеріарїІрѕГ рЇІрѕГрѕЏрѕ▓рІјрЅй рѕЏрѕ░рЅБрѕ░рЅЦ (Pharmaceutical product aggregation), рѕўрІхрѕђріњрЅх рЇѕрѕЇрїј рѕЏрїЇріўрЅх(Matchmaking), ріЦріЊ рІ░ріЋрЅаріърЅй рІерЇѕрѕѕрїЅрЅх рЅдрЅ│ рѕўрІхрѕђріњрЅх/рІерѕЁріГрѕЮріЊ ріЦрЅЃрІјрЅйріЋ рѕЏрІхрѕерѕх (Delivery) ріарїѕрѕЇрїЇрѕјрЅХрЅйріЋ рЅарЅ┤ріГріќрѕјрїѓ рЅарѕўрЅ│рїѕрІЮ рІГрѕ░рїБрѕЇрЇАрЇА  

РюерІ░ріЋрЅаріърЅй рЅарІїрЅЦрѕ│рІГрЅ│рЅйріЋ www.chemeds.org  рІѕрІГріЋрѕЮ рЅарїЦрѕф рѕЏрІЋріерѕІрЅйріЋ 9798 рЅарѕўрІ░рІѕрѕЇ рѕхрѕѕрѕўрІхрѕЃріњрЅх рѕўрѕерїЃ рѕЏрїЇріўрЅх рІГрЅйрѕІрѕЅрЇц рѕўрІхрѕЃріњрЅх рѕЏрІўрІЮ рІГрЅйрѕІрѕЅ ріаріЋрІ▓рѕЂрѕЮ рѕхрѕѕрїцріЊрЅИрІЇ ріарїарЅЃрѕІрІГ рІерѕЏрѕЏріерѕГ ріарїѕрѕЇрїЇрѕјрЅх рІФрїѕріЏрѕЅрЇАрЇА

РюерІѕрІ░ рЅ┤рѕїрїЇрѕФрѕЮ рїЇрѕЕрЇЊрЅйріЋ рѕѕрѕўрЅђрѕІрЅђрѕЇ ріерЅ│рЅй рІФрѕѕрІЇріЋ рѕіріЋріГ рІГрїФріЉрЇб"
62,2022-12-25 15:46:05+00:00,"­ЪњЦрІерѕЮрѕхрѕФрЅй ріеChe-Med

рЇбрЇбрЇбрЇбрЇбрЇбChe-Med ріарѕхрЅ│рІІрѕйрЇбрЇбрЇбрЇбрЇбрЇб

Che-Med ріарѕхрЅ│рІІрѕй рѕѕрѕерїЁрѕЮ рїірІю рІерѕџрІѕрѕхрІ▒рЅхріЋ ріЦріЋрІ░ рІерІ░рѕЮ рїЇрЇірЅхріЊ рѕхрі│рѕГ рѕЁрѕўрѕЮ рѕўрІхрѕђріњрЅХрЅй рЅарІерѕ│рѕЮріЋрЅхрЇБ рЅарІерІѕрѕЕ ріЦріЋрІ▓рѕЂрѕЮ рЅарЇѕрѕѕрїЅрЅх рїірІю ріарѕхрЅ│рІЇрѕХ рЅарѕГрІј рІхрѕерѕх рІФрѕўрїБрѕЇрЇб

ріерЅ│рЅй рІФрѕѕрІЇріЋ рІеTikTok рѕіріЋріГ рЅарѕўрїФріЋ рѕхрѕѕріарїѕрѕЇрїЇрѕјрЅ│рЅйріЋ рІГрІѕрЅЂрЇб

­ЪЉЄ­ЪЉЄ­ЪЉЄ­ЪЉЄ­ЪЉЄ­ЪЉЄ­ЪЉЄ­ЪЉЄ­ЪЉЄ­ЪЉЄ­ЪЉЄ
https://vm.tiktok.com/ZMF7kJA7F/"
60,2022-12-23 06:26:15+00:00,"рЅђрїарѕ« рІФрѕхрІГрІЎ!
рЅа рїЦрѕф рѕЏрІЋріерѕІрЅйріЋ 9798 рЅарѕўрІ░рІѕрѕЇ рІерІЋріЋрЅЁрѕГрЅх рѕЁрѕўрѕЮ рѕўрЅєрїБрїарѕГрІФ рѕўрІхрѕЃріњрЅх рЅарІерІѕрѕЕ рѕѕрѕЏрѕхрѕўрїБрЅх Che-Med рѕІрІГ рІГрѕўрІЮрїѕрЅАрЇб ріЦріЏ рІѕрѕЕріЋ рїарЅЦрЅђріЋ рѕўрІхрѕЃріњрЅхрІјріЋ рЅарѕГрІј рІхрѕерѕх ріЦріЊрІ░рѕГрѕ│рѕѕріЋрЇб

Che-Med is the best way to find your meds!

*****
Follow our telegram channel
https://t.me/CheMed123
­ЪЉє­ЪЉє­ЪЉє­ЪЉє­ЪЉє­ЪЉє­ЪЉє­ЪЉє­ЪЉє"
59,2022-12-22 06:40:25+00:00,"рЅђрїарѕ« рІФрѕхрІГрІЎ!
рЅа рїЦрѕф рѕЏрІЋріерѕІрЅйріЋ 9798 рЅарѕўрІ░рІѕрѕЇ рІерїЇрЇірЅх рѕўрІхрѕЃріњрЅхрІјріЋ рЅарІерІѕрѕЕ рѕѕрѕЏрѕхрѕўрїБрЅх Che-Med рѕІрІГ рІГрѕўрІЮрїѕрЅАрЇб ріЦріЏ рІѕрѕЕріЋ рїарЅЦрЅђріЋ рѕўрІхрѕЃріњрЅхрІјріЋ рЅарѕГрІј рІхрѕерѕх ріЦріЊрІ░рѕГрѕ│рѕѕріЋрЇб

Che-Med is the best way to find your meds!

*****
Follow our telegram channel
https://t.me/CheMed123
­ЪЉє­ЪЉє­ЪЉє­ЪЉє­ЪЉє­ЪЉє­ЪЉє­ЪЉє­ЪЉє"
58,2022-12-22 03:11:26+00:00,"www.chemeds.org рѕўрІхрѕђріњрЅхрІјріЋ рѕѕрѕЏрїЇріўрЅх рІўрѕўріЊрІірІЇ рѕўріЋрїѕрІх ріљрІЇрЇАрЇА рЅарІхрѕерїѕрї╗рЅйріЋ ріарѕЏріФріЮріљрЅх рѕўрІхріЃріњрЅхрІјріЋ ріерЇѕрѕѕрїЅрЅх рЅдрЅ│ рІГрІўрІЎ рІФрѕЅрЅарЅх рЅдрЅ│ рѕўрІхрѕЃріњрЅхрІјріЋ ріЦріЊрІ░рѕГрѕхрѕЇрІјрЅ│рѕѕріЋрЇАрЇА

рЅарЅ░рїерѕЏрѕфрѕЮ рЅарїЦрѕф рѕЏрІЋріерѕІрЅйріЋ 9798 рЅарѕўрІ░рІѕрѕЇ рѕхрѕѕрѕўрІхрѕЃріњрЅх рѕўрѕерїЃ рІГрїарІГрЅЂрЇц рѕўрІхрѕЃріњрЅх рІГрІўрІЎ┬а рѕхрѕѕрїцріЊрІј рЅарѕљріфрѕърЅй рІерЅ│рїѕрІў рІерѕЏрѕЏріерѕГ ріарїѕрѕЇрїЇрѕјрЅх рІФрїЇріЎрЇАрЇА"
57,2022-12-21 15:13:27+00:00,"Please follow our tiktok channel
https://vm.tiktok.com/ZMFnaVcq2/"
55,2022-12-20 11:28:59+00:00,"Order Scotts for your children from Che-Med. We will bring to you within 30 minutes.

For additional info:
                     Call us at_9798"
52,2022-12-16 12:21:01+00:00,"The First pharmacy in Addis Ababa

In the early 20th century, Paul Merab (real name, Petre Merabishvili) was the personal physician of Emperor Menelik II and opened the very first pharmacy in Addis. He was born in 1876 in Ude, South Georgia in a Roman Catholic community.

In 1910 Paul Merab founded the first pharmacy in Addis Ababa which he called Pharmacies de la Georgie (after the country of his birth)."
51,2022-12-15 06:16:41+00:00,"https://vm.tiktok.com/ZMFs2H4ym/

Like and follow our tiktok channel."
50,2022-12-13 05:55:18+00:00,"рЅарІерІѕрѕЕ рѕџрЅ│рІўрІЮрѕЇрІјрЅхріЋ ріарѕхрЇЋрѕфріЋ рѕўріЋрїѕрѕІрЅ│рЅх рѕ│рІГрїарЅарЅЁрЅЦрІјрЅх ріеChe-Med рІГрІўрІЎрЇб

рѕѕрЅ░рїерѕЏрѕф рѕўрѕерїЃрЇА
рЅарїЦрѕф рѕЏрІЋріерѕІрЅйріЋ 9798 рІѕрІГрѕЮ
www.chemeds.org рІФрїЇріЎріЋрЇб"
49,2022-12-09 12:28:53+00:00,"рЅаChe-Med рІерѕўрІхрѕЃріњрЅх рѕўрѕерїЃ рѕЏрІЋріерѕЇ 9798 рЅарѕўрІ░рІЇрѕЇ рѕўрІхрѕЃріњрЅхрІјріЋ рІГрІўрІЎрЇб рЅарЅ░рїерѕЏрѕфрѕЮ рѕхрѕѕрїцріЊрІј рѕўрѕерїЃ рІГрїарІГрЅЂрЇб 

ріЦріЏ рЅа30 рІ░рЅѓрЅЃ рѕўрІхрѕЃріњрЅхрІјріЋ ріЦріЊрІ░рѕГрѕ│рѕѕріЋрЇб

­ЪЊъ9798

Join our telegram channel to join our Che-Med community.
https://t.me/CheMed123"
48,2022-12-09 04:09:49+00:00,"Che-Med рІЏрѕг Dec 9,2022 рЅарЅ░рѕѕрІФрІЕ рІеFM рїБрЅбрІФрІјрЅй рѕФрѕ▒ріЋ рІФрѕхрЅ░рІІрІЇрЅЃрѕЇ рЇб

рЅарІџрѕЁрѕЮ ріерѕџрѕарїБрЅИрІЇ ріарїѕрѕЇрїЇрѕјрЅХрЅй рЅарЅ░рїерѕЏрѕф рѕхрѕФ рѕхрѕѕрїђрѕўрѕерІЇ ріарІ▓рѕ▒ рІерѕўрІхрѕЃріњрЅх рѕўрѕерїЃ рІерїЦрѕф рѕЏрІЋріерѕІрЅйріЋ 9798 рѕ▓рІФрЅарѕхрѕГ рІ░рѕхрЅ│ рІГрѕарѕЏрІІрѕЇрЇб"
46,2022-12-07 06:43:48+00:00,"Che-Med is the best way to find your meds.
www.chemeds.org
Call center_ 9798"
45,2022-12-05 05:57:22+00:00,"Antibiotics are the cure for every disease!
You may have heard the misconception that antibiotics are a cure-all - but this is simply not true.

facts
Antibiotics only help bacterial infections.

Most illnesses such as the common cold and sore throat are caused by viruses that do not respond to antibiotics."
43,2022-12-02 13:44:41+00:00,"рІеChe-Med рІерѕўрІхрѕЃріњрЅх рѕўрѕерїЃ рѕЏрІЋріерѕЇ рЅарЅЁрѕГрЅЦ рЅђріЋ!

www.chemeds.org
0912603463"
41,2022-12-02 06:06:12+00:00,"Order your Antipains from Che-Med. It will be delivered to you with in 30 minutes.
www.chemeds.org
+251912603463"
40,2022-12-01 06:47:22+00:00,"рЅаChe-Med рѕўрІхрѕЃрЅхрІјріЋ рЅарѕЏрІўрІЮ рѕерїЁрѕЮ рѕ░рѕЇрЇЇ рЅарѕўрѕ░рѕѕрЇЇ рІерѕџрІФрЅБріГріЉрЅхріЋ рїірІюріЊ рїЅрѕЇрЅарЅх рІФрѕхрЅђрѕЕ!
рѕѕрЅ░рїерѕЏрѕф рѕўрѕерїЃ 
www.chemeds.org 
+251912603463
рІГрІ░рІЇрѕЅ рІГрІўрІЎріЋрЇб рЅБрѕЅрЅарЅх рЅдрЅ│ ріЦріЊрІ░рѕГрѕ│рѕѕріЋрЇб"
39,2022-11-30 06:31:44+00:00,"рѕФрѕ┤ріЋ рЅарїБрѕЮ рѕхрѕІрѕўрѕўріЮ рЅХрѕј ріЦріЋрІ▓рѕ╗рѕѕріЮ ріарѕФрЅх рЇЊрѕФрѕ┤рЅ│рѕърѕЇ рЅаріаріЋрІх рїірІю рІІрїЦріЕрЅарЅх!
ріЦріЋрІ░рІџрѕЁ рІФрѕЅ ріарЅБрЅБрѕјрЅй рЅаріаріФрЅБрЅбрІФрЅйріЋ рІерЅ░рѕѕрѕўрІ▒ ріЊрЅИрІЇрЇб
рїаріЋріерѕГ рІФрѕѕ рѕЁрѕўрѕЮ рѕ▓ріќрѕГ ріерѕЏрІўрІБ рІЇрїф рІерѕџрїѕрІЎ рІерѕЁрѕўрѕЮ рѕЏрѕхрЅ│рїѕрѕ╗ рѕўрІхрѕЃріњрЅХрЅйріЋ рЇІрѕГрѕЏрѕ▓рѕхрЅХрЅй ріерѕўріерѕГрІј рѕўрїаріЋ рЅарѕІрІГ рѕўрІЇрѕ░рІх рїјрїѓ рѕІрІГрѕўрѕхрѕЇрІј рІГрЅйрѕІрѕЇрЇб 
ріЦрІЇріљрЅ│рІЇ рїЇріЋ ріЦріљрІџрѕЁ рІерѕЁрѕўрѕЮ рѕЏрѕхрЅ│рїѕрѕ╗ рѕўрІхрѕЃріњрЅХрЅй ріерѕўрїаріЋ рЅарѕІрІГ ріерЅ░рІѕрѕ░рІ▒ рѕѕрїцріЊ рїјрїѓ рѕірѕєріЉ рІГрЅйрѕІрѕЅрЇб
рЅарЇІрѕГрѕЏрѕ▓рѕхрЅХрЅй рІерѕџрѕўріерѕерІЇ рІерѕўрІхрѕЃріњрЅх рѕўрїаріЋ рЅарїЦріЋрЅЃрЅёріЊ рЅарѕ│рІГріЋрЅ▓рЇіріГ рѕЮрѕГрѕЮрѕГ рѕѕрѕ░рІЇріљрЅ│рЅйріЋ рЅарЅѓ рѕўрѕєріЉ рІерЅ░рѕерїІрїѕрїа ріљрІѕрЇб
рѕєріќрѕЮ ріерѕЏрІўрІБ рІЇрїф рІерѕџрїѕрІЎ рІерѕЁрѕўрѕЮ рѕЏрѕхрЅ│рїѕрѕ╗ рѕўрІхрѕЃріњрЅХрЅйріЋ ріерѕўрїаріЋ рЅарѕІрІГ рѕўрІЇрѕ░рІх ріерїЦрЅЁрѕЎ рІГрѕЇрЅЁ рѕѕрѕўрІхрѕЃріњрЅХрЅй рІерїјріЋрІ«рѕй рїЅрІ│рЅх рЅЦрѕјрѕЮ рѕѕріерЇІ рѕЁрѕўрѕЮ рѕірІ│рѕГрїЅріЋ рІГрЅйрѕІрѕЅрЇб
ріљрїѕрѕГ рїЇріЋ ріерѕЏрІўрІБ рІЇрїф рІерѕџрїѕрІЎ рІерѕЁрѕўрѕЮ рѕЏрѕхрЅ│рїѕрѕ╗ рѕўрІхрѕЃріњрЅХрЅйріЋ рІѕрѕхрІ░рІЇ рІерѕЁрѕўрѕЮ рѕхрѕюрЅхрІј ріФрѕЇрЅђріљрѕ░ рЅарЅ░рѕѕрІФрІЕ рѕЮріГріЋрІФрЅХрЅй рѕірѕєріЋ рѕхрѕѕрѕџрЅйрѕЇ рІерѕџрІѕрѕхрІ▒рЅхріЋ рІерѕўрІхрѕЃріњрЅх рѕўрїаріЋ ріерѕўрїерѕўрѕГрІј рЅарЇірЅх рІерїцріЊ рЅБрѕѕрѕЎрІФ рѕЏрѕЏріерѕГ рЅЦрѕЇрѕЁріљрЅх ріљрІЇрЇб

рѕѕрЅ░рїерѕЏрѕф рѕўрѕерїЃ
www.chemeds.org
+251912603463"
38,2022-11-29 07:43:06+00:00,"рІерібріЋрѕ▒рѕіріЋ рѕ▓рѕфріЋрїЁ рЅарЅЁріЊрѕй ріеChe-Med рІГрІўрІЎрЇб ріФрѕЅрЅарЅх рЅдрЅ│ рѕєріљрІЇ рІГрІўрІЎ рІФрѕЅрЅарЅх рЅдрЅ│ ріЦріЊрІ░рѕГрѕхрѕЇрІјрЅ│рѕѕріЋрЇб

www.chemeds.org
+251912603463"
34,2022-11-22 08:15:47+00:00,"рѕѕрЅ░рѕЪрѕІ рІерЅ░рѕўрїБрїаріљ рѕЮрїЇрЅЦ рЇЇрѕІрїјрЅхрІј Ensure Vanilla Supplements

ріе20 рЅарѕІрІГ ріарїЦріЋрЅх рѕѕрѕЏрїаріЋріерѕГрЇБ рїАріЋрЅ╗рІјрЅйріЋ рѕѕрѕЏрІ│рЅарѕГ ріЦріЊ рІерЅарѕйрЅ│ рѕўріерѕІріерІФ ріарЅЁрѕЮ рѕѕрѕЏрѕ│рІ░рїЇ рІерѕџрѕерІ▒ ріЋрїЦрѕеріљрїѕрѕ«рЅй рІерЅарѕѕрїИрїѕ

рЅарЅ░рѕўрїБрїБріЮ рІІрїІ ріе CheMed 

рѕѕрЅ░рїерѕЏрѕф рѕўрѕерїЃ 
www.chemeds.org 
+251 91 260 3463

рІГрІ░рІЇрѕЅ... рІГрІўрІЎріЋ... рІФрѕЅрЅарЅх рЅдрЅ│ ріЦріЊрІ░рѕГрѕ│рѕѕріЋ"
33,2022-11-15 11:51:16+00:00,"рЅФрІГрЅ│рѕџріЋ рѕ▓ рѕѕрѕ░рІЇріљрІЇрЅ│рЅйріЋ рЅарїБрѕЮ ріарѕхрЇѕрѕІрїі рЅЦрІЎ рІерїцріЊ рїарЅђрѕюрЅ│рІјрЅй рІерѕџрѕ░рїЦ ріЋрїЦрѕе ріљрїѕрѕГ ріљрІЇрЇАрЇА 

NAT C рІерЅарѕйрЅ│ рѕўріерѕІріерѕЇ ріарЅЁрѕЮріЋ рІерѕџрІФрїјрѕѕрЅЦрЅх рЅЦрЅ╗ рѕ│рІГрѕєріЋ рїцріЊрѕЏ рЅєрІ│рЇБ рїаріЋріФрѕФ рІхрІх ріЦріЊ рїАріЋрЅ╗рІјрЅйріЋ ріЦріЋрІ▓ріќрѕеріЋ рІФрїЇрІЏрѕЇрЇб 

рЅарЅ░рѕўрїБрїБріЮ рІІрїІ ріе CheMed 

рѕѕрЅ░рїерѕЏрѕф рѕўрѕерїЃ 
www.chemeds.org 
+251 91 260 3463

рІГрІ░рІЇрѕЅ... рІГрІўрІЎріЋ... рІФрѕЅрЅарЅх рЅдрЅ│ ріЦріЊрІ░рѕГрѕ│рѕѕріЋ"
31,2022-11-15 05:24:41+00:00,"рѕўрІхрѕђріњрЅх рЅцрЅхрІј рІхрѕерѕх! 

рѕўрІхрѕђріњрЅх рЅарѕўрЇѕрѕѕрїЇ рїірІюрІјріЋріЊ рїЅрѕЇрЅарЅхрІјріЋ ріарІФрЅБріГріЉ:: рІхрѕерїѕрї╗рЅйріЋріЋ рЅарѕўрїарЅђрѕЮ рѕўрІхріЃріњрЅх ріерЇѕрѕѕрїЅрЅх рЅдрЅ│ рІГрІўрІЎ рІФрѕЅрЅарЅх рЅдрЅ│ ріЦріЊрІ░рѕГрѕхрѕЇрІјрЅ│рѕѕріЋрЇАрЇА 

30 рІ░рЅѓрЅЃрЇА рЅарѕЃріфрѕЮ рІерЅ│рІўрІўрѕЇрІјрЅхріЋ рѕўрІхрѕЃріњрЅх рЅцрЅхрІј
рѕѕрѕЏрІхрѕерѕ░ рІерѕџрЇѕрїЁрЅЦріЋ рїірІю ріљрІЇрЇАрЇА 

www.chemeds.org 
+251912603463 

The delivery fee is fixed at 100 ETB"
30,2022-11-09 08:53:25+00:00,"рІе24 рѕ░рІЊрЅх рІерѕўрІхрѕђріњрЅх рІ┤рѕірЅерѕф ріарїѕрѕЇрїЇрѕјрЅх ріе CheMed

www.chemeds.org
0912603463"
27,2022-10-28 09:15:09+00:00,"рѕѕрЅ░рѕЪрѕІ рІерЅ░рѕўрїБрїаріљ рѕЮрїЇрЅЦ рЇЇрѕІрїјрЅхрІј Ensure Vanilla Supplements

ріе20 рЅарѕІрІГ ріарїЦріЋрЅх рѕѕрѕЏрїаріЋріерѕГрЇБ рїАріЋрЅ╗рІјрЅйріЋ рѕѕрѕЏрІ│рЅарѕГ ріЦріЊ рІерЅарѕйрЅ│ рѕўріерѕІріерІФ ріарЅЁрѕЮ рѕѕрѕЏрѕ│рІ░рїЇ рІерѕџрѕерІ▒ ріЋрїЦрѕеріљрїѕрѕ«рЅй рІерЅарѕѕрїИрїѕ

рЅарЅ░рѕўрїБрїБріЮ рІІрїІ ріе CheMed 

рѕѕрЅ░рїерѕЏрѕф рѕўрѕерїЃ 
www.chemeds.org 
+251 91 260 3463

рІГрІ░рІЇрѕЅ... рІГрІўрІЎріЋ... рІФрѕЅрЅарЅх рЅдрЅ│ ріЦріЊрІ░рѕГрѕ│рѕѕріЋ"
26,2022-10-28 06:49:36+00:00,"рѕѕрїцріЊ рЅБрѕѕрѕЎрІФрІјрЅй рІерЅђрѕерЅа┬а ріарЅЦрѕ« рІерѕўрѕхрѕФрЅх рїЦрѕф

рЅ│ріФрѕџрІјрЅй рЅарІерЅђріЉ рЅарїцріЊ рЅБрѕѕрѕЎрІФ рІерЅ│рІўрІЎрѕІрЅИрІЅріЋ рѕўрІхрѕђріњрЅх рѕѕрѕЏрїЇріўрЅх рЅЦрІЎ рЅйрїЇрѕ«рЅйріЋ рІГрїІрЇѕрїБрѕЅрЇАрЇА

ріе CheMed рїІрѕГ ріарЅЦрѕ« рЅарѕўрѕхрѕФрЅх рЅ│ріФрѕџрІјрЅйрІј рѕўрІхрѕђріњрЅх рЅарЅђрѕІрѕЅ ріЦріЋрІ▓рІФрїѕріЎ рІФрїЇрІЎрЇАрЇА

рІерЅђрѕерЅарІЅріЋ рЇјрѕГрѕЮ рЅарѕўрѕЎрѕІрЅх рІГрѕўрІЮрїѕрЅА рІерЅбрІЮріљрѕх ріарїІрѕГ рІГрѕЂріЉрЇАрЇА 
https://forms.gle/FDWbwkYaW4dz21yo7"
25,2022-10-24 09:34:19+00:00,"рІерІ░рѕЮ рідріГрѕхрїЁріЋ рѕўрїаріЋ рѕўрѕѕріфрІФ рѕўрѕ│рѕфрІФрІјрЅй рЅарЅЁріЊрѕй рІІрїІ ріарЅЁрѕГрЅаріЋрѕЇрІјрЅ│рѕЇрЇАрЇА 

рѕѕрЅ░рїерѕЏрѕф рѕўрѕерїЃ 
www.chemeds.org 
+251912603463

рІГрІ░рІЇрѕЅ... рІГрІўрІЎріЋ... рЅБрѕЅрЅарЅх рЅдрЅ│ ріЦріЊрІ░рѕГрѕ│рѕѕріЋ"
23,2022-10-20 12:24:01+00:00,"рІерѕхрі│рѕГ рѕўрїаріЋрІј рѕхріЋрЅх ріљрІЇ?  

рІерІ░рѕЮ рІЇрѕхрїЦ рІерѕхрі│рѕГ рѕўрїаріЋрІјріЋ рЅарЅцрЅхрІј рІГрѕѕріЕ рЇБ рІГріерЅ│рЅ░рѕЅ рЇБ рїцріЊрІјріЋ рІГрїарЅЦрЅЂрЇАрЇА 

рЅБрЅђрѕерЅЦріЋрѕЇрІј рЅЁріЊрѕй рЅарѕўрїарЅђрѕЮ рІерѕФрѕхрІјріЋ ріЦріЊ рІерЅцрЅ░рѕ░рЅЦрІјріЋ рІерѕхрі│рѕГ рѕўрїаріЋ рЅарЅЁрѕГрЅарЅх рІГріерЅ│рЅ░рѕЅрЇб

www.chemeds.org
+251 91 260 3463"
22,2022-10-18 07:57:36+00:00,"рЅарЅцрЅх рІЇрѕхрїЦ рІерІ░рѕЮ рїЇрЇірЅх рѕўрїаріЋ рѕўрѕѕріФрЅхріЊ рѕѕрІЇрїдрЅйріЋ рЅарѕўрѕўрІЮрїѕрЅЦ рѕўріерЅ│рЅ░рѕЇ рІерѕЁріГрѕЮріЊ рЅБрѕѕрѕЎрІФрІјрЅй рЅарЅђрѕІрѕЅ рѕўрѕерїЃ рѕІрІГ рЅ░рѕўрѕхрѕГрЅ░рІЇ рІерѕўрІхрѕЃріњрЅхрІјріЋ рѕўрїаріЋ рѕѕрѕЏрѕхрЅ░ріФріерѕЇ рІѕрІГрѕЮ  рѕѕрѕўрѕѕрІѕрїЦ ріЦріЋрІ▓рІѕрѕхріЉ рІГрѕерІ│рѕЇрЇб

рЅБрЅђрѕерЅЦріЋрѕЇрІј рЅЁріЊрѕй рЅарѕўрїарЅђрѕЮ рІерѕФрѕхрІјріЋ ріЦріЊ рІерЅцрЅ░рѕ░рЅЦрІјріЋ рІерІ░рѕЮ рїЇрЇірЅх рѕўрїаріЋ рЅарІерЅђріЉ рІГріерЅ│рЅ░рѕЅрЇб


www.chemeds.org
+251912603463"
21,2022-10-17 14:02:40+00:00,рЅарѕђріфрѕЮ рІерЅ│рІўрІЎ рѕўрІхрѕђріњрЅХрЅйрЇц рІФрѕѕрѕђріфрѕЮ рЅхріЦрІЏрІЮ рІерѕџрѕИрїА рІерѕЁрѕўрѕЮ рѕЏрѕхрЅ│рїѕрѕ╗ рѕўрІхрѕђріњрЅХрЅйрЇА рѕ░рІЇріљрЅх рѕѕрѕўрїѕріЋрЅБрЅх/ рѕѕрѕЏрІ│рЅарѕГ рІерѕџрѕерІ▒ рѕўрІхрѕђріњрЅХрЅйрЇАріЦріЋрІ▓рѕЂрѕЮ ріЦріЋрІ░ рѕхрі│рѕГ рѕўрїаріЋ рѕўрѕѕріфрІФ рІФрѕЅ рІерѕЁріГрѕЮріЊ рѕўрѕ│рѕфрІФрІјрЅйріЋ рЅарѕ░ріеріЋрІХрЅй рЇЇрїЦріљрЅх рЅарѕхрѕЇріГрІј рѕГрЅђрЅх ріЦріЊрїѕріЮрѕЇрІјрЅ│рѕѕріЋрЇАрЇА рІерѕўрІхрѕђріњрЅ▒ріЋ рѕхрѕфрЅхрЇц рѕђрїѕрѕГрЇц рІІрїІ ріарѕЏрѕГрїарІЇ рѕЏрІўрІЮ рІГрЅйрѕІрѕЅрЇАрЇА
20,2022-10-12 14:14:52+00:00,"РђюріеріљрѕЏ рЇІрѕГрѕЏрѕ▓рІјрЅй рІхрѕГрїЁрЅх ріЦріЊ ріГрЇЇрІФ рЇІрІГріЊріЋрѕ║рІФрѕЇ рЅ┤ріГріќрѕјрїѓрѕх ріЃ.рІерЅ░.рІерїЇ.рѕЏрЇА рІерѕўрІхріЃріњрЅх рІўрѕГрЇЇ рІ▓рїѓрЅ│рѕІрІГрІюрѕйріЋ ріарїІрѕГріљрЅх рЅ░рЇѕрѕФрѕерѕЎРђЮ

рІеріГрЇЇрІФ рЇІрІГріЊріЋрѕ║рІФрѕЇ рЅ┤ріГріќрѕјрїѓрѕх ріЦріЊ ріеріљрѕЏ рЇІрѕГрѕЏрѕ▓рІјрЅй рІхрѕГрїЁрЅх рЅарѕџріерЅ░рѕЅрЅх ріљрїЦрЅдрЅй рѕІрІГ рЅарЅхрЅЦрЅЦрѕГ рѕѕрѕўрѕхрѕФрЅх рІерїІрѕФ рѕўрїЇрЅБрЅбрІФ рѕ░ріљрІх рЅ░рЇѕрѕФрѕГрѕўрІІрѕЇрЇАрЇА рІГрѕЁ рЅхрЅЦрЅЦрѕГрЇц

1. ріеріљрѕЏ рЇІрѕГрѕЏрѕ▓рІјрЅй рІхрѕГрїЁрЅхріЋ рІерібріЋрЅгріЋрЅХрѕфріЊ рІеріЋрЅЦрѕерЅх ріарѕхрЅ░рІ│рІ░рѕГ рѕхрѕГрІЊрЅ▒ріЋ рІ▓рїѓрЅ│рѕЇ рѕѕрѕЏрІхрѕерїЇ рІерѕџрІФрІ░рѕГрїѕрІЇріЋ рїЦрѕерЅх рѕѕрѕЏрїѕрІЮрЇБ
2. рІерѕўрІхрѕЃріњрЅх рїЇрІб рѕѓрІ░рЅхріЋ рЅарѕЏрІўрѕўріЋ рЅарѕўрѕерїЃ рѕІрІГ ріЦріЊ рЅарЇЇрѕІрїјрЅх рѕІрІГ рІерЅ░рѕўрѕ░рѕерЅ░ рѕѕрѕЏрІхрѕерїЇ;
3. рІерІ▓рїѓрЅ│рѕЇ рѕўрІхрѕЃріњрЅх рїЇрЅЦрІГрЅхріЊ рІ┤рѕірЅерѕфріЋ рІерѕџрІФрѕ│рѕЇрїЦ рѕўрЅ░рїЇрЅарѕфрІФріЋ рѕЏрЅЁрѕерЅЦріЋ рІФріФрЅхрЅ│рѕЇрЇАрЇА

рІГрѕЁ ріарїІрѕГріљрЅх ріеріљрѕЏ рЇІрѕГрѕЏрѕ▓рІјрЅйрІјрЅй рІхрѕГрїЁрЅхрІхрѕГрїЁрЅх рІерѕџрїѕріЮрЅарЅхріЋ рІерѕѕрІЇрїЦ рѕѓрІ░рЅх рІерѕџрІ░рїЇрЇЇ ріЦріЊ рІ░ріЋрЅаріърЅй Chemed рѕўрЅ░рїЇрЅарѕфрІФріЋ рЅарѕўрїарЅђрѕЮ ріеріеріљрѕЏ рЇІрѕГрѕЏрѕ▓рІјрЅй рЅарЅђрѕІрѕЅ ріЦріЊ рЅарЅ░рѕўрЅ╗рЅИ рѕЂріћрЅ│ рѕўрІхрѕђріњрЅХрЅйріЋ ріЦріЋрІ▓рІФрїѕріЎ рІерѕџрІФрѕхрЅйрѕЇ ріљрІЇрЇб"
19,2022-10-12 14:14:19+00:00,"KENEMA PHARMACIES ENTERPRISE and CHEMED BY KIFIYA FINANCIALTECHNOLOGIES PLC: A partnership for pharmaceutical sector digitalization

We are excited to announce that Chemed, a subsidiary of Kifiya Finacial Technologies, is partnering up with Kenema Pharmacies Enterprise. Our collaboration will focus on the following;

1. Enhance Kenema's digitalization of its inventory and warehouse management system;
2. Make medication purchase data-driven and need-based;
3. Provide a digital medication matchmaking and delivery platform;

This partnership will boost Kenema's current reforms and enable an alternative platform for clients to access medications from Kenema easily and conveniently.'"
18,2022-10-06 09:23:46+00:00,"рЅарЅђріЋ рѕЂрѕѕрЅх рїірІюрЇБ рѕХрѕхрЅх рїірІю рІѕрІГрѕЮ ріарѕФрЅх рїірІю рѕўрІхрѕЃріњрЅх рѕ▓рЅ│рІўрІЮрѕЇріЋ ріаріЋрІ┤рЅх рѕўрІЅрѕ░рІх рІГріќрѕГрЅЦріЊрѕЇ? 


www.chemeds.org 
0912603463"
17,2022-10-03 05:16:30+00:00,"рѕўрІхрѕђріњрЅх рЅцрЅхрІј рІхрѕерѕх! 

рѕўрІхрѕђріњрЅх рЅарѕўрЇѕрѕѕрїЇ рїірІюрІјріЋріЊ рїЅрѕЇрЅарЅхрІјріЋ ріарІФрЅБріГріЉ:: рІхрѕерїѕрї╗рЅйріЋріЋ рЅарѕўрїарЅђрѕЮ рѕўрІхріЃріњрЅх ріерЇѕрѕѕрїЅрЅх рЅдрЅ│ рІГрІўрІЎ рІФрѕЅрЅарЅх рЅдрЅ│ ріЦріЊрІ░рѕГрѕхрѕЇрІјрЅ│рѕѕріЋрЇАрЇА 

30 рІ░рЅѓрЅЃрЇА рЅарѕЃріфрѕЮ рІерЅ│рІўрІўрѕЇрІјрЅхріЋ рѕўрІхрѕЃріњрЅх рЅцрЅхрІј
рѕѕрѕЏрІхрѕерѕ░ рІерѕџрЇѕрїЁрЅЦріЋ рїірІю ріљрІЇрЇАрЇА 

www.chemeds.org 
+251912603463 

The delivery fee is fixed at 100 ETB"
15,2022-09-30 07:33:42+00:00,"For more information contact our pharmacists at 0912603463

You can still schedule orders and get information about medications."
14,2022-09-28 05:45:31+00:00,"CheMed
#ріарЇІрѕІрїі
#ріарІхрѕФрѕй
#ріарѕхрЅ│рІІрѕй

www.chemeds.org
+2519603463"
13,2022-09-16 07:42:31+00:00,"Say goodbye to the hustle of trying to find medications! 

Chemed has brought to you the modern way to find your meds. Go to www.chemeds.org to order your medications or upload your prescriptions and get them delivered to you within less than 30 minutes.

You can also reach out to our Pharmacists at +251912603463."
11,2022-09-10 15:55:25+00:00,"­Ъї╝­Ъї╝­Ъї╝ рѕўрѕЇріФрѕЮ ріарІ▓рѕх рІЊрѕўрЅх ­Ъї╝­Ъї╝­Ъї╝

рІерѕЮрѕхрѕФрЅй!! рЅаріарІ▓рѕ▒ ріарѕўрЅх ріарІ▓рѕх ріљрїѕрѕГ рѕѕрїцріЊрІјрЇАрЇА ріеріЦріЋрїЇрІ▓рѕЁ рѕўрІхрѕЃріњрЅх рЇЇрѕѕрїІ рѕўріЋріерѕФрЅ░рЅхріЊ рѕўрѕ░рѕѕрЇЇ ріарІГріќрѕГрЅЦрІјрЅхрѕЮрЇАрЇА www.chemeds.org рЅарѕўрїЇрЅБрЅх рѕърЅБрІГрѕЇрІјріЋ рЅ░рїарЅЁрѕўрІЇ рІерѕџрЇѕрѕЇрїЅрЅх рѕўрІхрѕЃріњрЅх рЅцрЅхрІј рІхрѕерѕх рІГрІўрІЎ!

­Ъї╝­Ъї╝­Ъї╝ рѕўрѕЇріФрѕЮ ріарІ▓рѕх рІЊрѕўрЅх ­Ъї╝­Ъї╝­Ъї╝"
10,2022-09-07 09:16:40+00:00,Why spend time searching for medications? Visit www.chemeds.org to have your medication delivered to your door.
9,2022-09-06 04:26:15+00:00,www.chemeds.org рѕўрІхрѕђріњрЅхрІјріЋ рѕѕрѕЏрїЇріўрЅх рІўрѕўріЊрІірІЇ рѕўріЋрїѕрІх ріљрІЇрЇАрЇА рЅарІхрѕерїѕрї╗рЅйріЋ ріарѕЏріФріЮріљрЅх рѕўрІхріЃріњрЅхрІјріЋ ріерЇѕрѕѕрїЅрЅх рЅдрЅ│ рІГрІўрІЎ рІФрѕЅрЅарЅх рЅдрЅ│ рѕўрІхрѕЃріњрЅхрІјріЋ ріЦріЊрІ░рѕГрѕхрѕЇрІјрЅ│рѕѕріЋрЇАрЇА
2,2022-09-05 09:57:09+00:00,www.chemeds.org рѕўрІхрѕђріњрЅхрІјріЋ рѕѕрѕЏрїЇріўрЅх рІўрѕўріЊрІірІЇ рѕўріЋрїѕрІх ріљрІЇрЇАрЇА рЅарІхрѕерїѕрї╗рЅйріЋ ріарѕЏріФріЮріљрЅх рѕўрІхріЃріњрЅхрІјріЋ ріерЇѕрѕѕрїЅрЅх рЅдрЅ│ рІГрІўрІЎ рІФрѕЅрЅарЅх рЅдрЅ│ рѕўрІхрѕЃріњрЅхрІјріЋ ріЦріЊрІ░рѕГрѕхрѕЇрІјрЅ│рѕѕріЋрЇАрЇА
